"MSE","RMSE","R2_Train","R2_Test"
0.141509433962264,0.376177396931639,0.996460182430564,0.621908687381103
